frame,pen-position-x,pen-position-y
1,2,340
2,2,340
3,2,340
4,2,340
5,2,340
6,2,340
7,2,340
8,2,340
9,2,340
10,2,340
11,2,340
12,2,340
13,2,340
14,2,340
15,2,340
16,2,340
17,2,340
18,2,340
19,2,340
20,2,340
21,2,340
22,2,340
23,2,340
24,2,340
25,2,340
26,2,340
27,2,340
28,2,340
29,2,340
30,2,340
31,2,340
32,2,340
33,2,340
34,2,340
35,2,340
36,2,340
37,2,340
38,2,340
39,2,340
40,2,340
41,2,340
42,2,340
43,2,340
44,2,340
45,2,340
46,2,340
47,2,340
48,2,340
49,2,340
50,2,340
51,2,340
52,2,340
53,2,340
54,2,340
55,2,340
56,2,340
57,2,340
58,2,340
59,2,340
60,2,340
61,2,340
62,2,340
63,2,340
64,2,340
65,2,340
66,2,340
67,2,340
68,2,340
69,2,340
70,2,340
71,2,340
72,2,340
73,2,340
74,2,340
75,2,340
76,2,340
77,2,340
78,2,340
79,2,340
80,2,340
81,2,340
82,2,340
83,2,340
84,2,340
85,2,340
86,2,340
87,2,340
88,2,340
89,2,340
90,2,340
91,2,340
92,2,340
93,2,340
94,2,340
95,2,340
96,2,340
97,2,340
98,2,340
99,2,340
100,2,340
101,2,340
102,2,340
103,2,340
104,2,340
105,2,340
106,2,340
107,2,340
108,2,340
109,2,340
110,2,340
111,2,340
112,2,340
113,2,340
114,2,340
115,2,340
116,2,340
117,2,340
118,2,340
119,2,340
120,2,340
121,2,340
122,2,340
123,2,340
124,2,340
125,2,340
126,2,340
127,2,340
128,2,340
129,2,340
130,2,340
131,2,340
132,2,340
133,2,340
134,2,340
135,2,340
136,2,340
137,2,340
138,2,340
139,2,340
140,2,340
141,2,340
142,2,340
143,2,340
144,2,340
145,2,340
146,2,340
147,2,340
148,2,340
149,2,340
150,2,340
151,2,340
152,2,340
153,2,340
154,2,340
155,2,340
156,2,340
157,2,340
158,2,340
159,2,340
160,2,340
161,11,326
162,21,307
163,57,281
164,134,237
165,134,237
166,182,201
167,218,177
168,267,133
169,268,118
170,265,111
171,229,74
172,222,68
173,198,67
174,210,57
175,197,64
176,214,56
177,203,69
178,205,72
179,205,91
180,196,84
181,202,86
182,216,88
183,225,90
184,242,91
185,260,92
186,262,92
187,290,92
188,316,92
189,305,92
190,339,94
191,341,94
192,342,94
193,352,95
194,361,97
195,376,98
196,389,100
197,404,101
198,421,102
199,441,102
200,459,102
201,473,102
202,487,102
203,499,102
204,500,102
205,527,100
206,550,99
207,541,99
208,551,97
209,566,94
210,565,93
211,587,89
212,586,89
213,606,87
214,625,86
215,623,86
216,621,86
217,635,86
218,649,87
219,651,86
220,637,86
221,651,87
222,665,87
223,649,87
224,652,87
225,659,86
226,662,87
227,662,89
228,665,89
229,670,88
230,671,89
231,690,91
232,695,94
233,696,94
234,703,93
235,707,94
236,708,94
237,714,94
238,718,94
239,721,94
240,705,94
241,708,95
242,727,99
243,728,98
244,729,97
245,725,99
246,726,100
247,730,100
248,736,99
249,735,101
250,740,100
251,741,101
252,744,102
253,743,107
254,735,103
255,736,105
256,752,107
257,757,106
258,759,106
259,742,106
260,761,106
261,757,109
262,745,107
263,761,109
264,766,108
265,764,110
266,769,109
267,768,110
268,773,111
269,758,110
270,777,111
271,764,110
272,767,109
273,772,109
274,788,108
275,790,107
276,792,107
277,781,110
278,795,106
279,783,109
280,787,114
281,797,104
282,789,113
283,789,115
284,791,114
285,793,116
286,796,117
287,792,113
288,796,114
289,799,128
290,801,120
291,800,121
292,801,124
293,803,126
294,801,126
295,799,126
296,796,126
297,794,126
298,791,126
299,788,126
300,780,123
301,784,127
302,783,127
303,778,128
304,780,126
305,778,126
306,771,123
307,776,127
308,776,127
309,767,137
310,773,130
311,773,133
312,774,134
313,773,139
314,772,130
315,776,144
316,776,144
317,783,140
318,781,140
319,761,139
320,753,139
321,767,139
322,763,139
323,747,139
324,749,139
325,729,139
326,725,139
327,692,136
328,674,134
329,664,131
330,654,126
331,638,123
332,619,119
333,601,113
334,595,109
335,568,105
336,537,101
337,528,99
338,497,95
339,495,94
340,493,93
341,470,91
342,470,91
343,469,90
344,452,90
345,440,90
346,439,90
347,437,89
348,449,92
349,447,91
350,431,92
351,423,92
352,414,93
353,405,93
354,415,93
355,408,91
356,387,88
357,403,88
358,401,87
359,400,84
360,382,92
361,377,92
362,377,92
363,377,92
364,396,90
365,395,90
366,409,88
367,425,86
368,430,85
369,447,81
370,474,79
371,482,79
372,497,76
373,515,73
374,537,73
375,532,61
376,534,61
377,534,88
378,509,76
379,501,76
380,492,76
381,462,74
382,461,74
383,429,74
384,421,74
385,413,74
386,415,74
387,408,83
388,414,77
389,408,76
390,409,82
391,395,88
392,394,90
393,387,88
394,395,97
395,394,98
396,395,99
397,395,99
398,387,91
399,396,99
400,393,92
401,394,91
402,390,89
403,410,87
404,409,89
405,414,88
406,417,88
407,403,88
408,408,88
409,413,87
410,433,86
411,449,85
412,451,85
413,469,83
414,497,83
415,490,83
416,502,82
417,531,80
418,519,80
419,537,79
420,536,80
421,545,80
422,575,80
423,621,81
424,616,81
425,625,81
426,646,78
427,639,72
428,635,75
429,589,69
430,592,69
431,575,67
432,562,69
433,549,69
434,547,71
435,522,73
436,522,73
437,520,71
438,497,70
439,497,70
440,484,71
441,468,72
442,465,72
443,458,77
444,456,81
445,454,94
446,453,112
447,455,129
448,456,133
449,470,142
450,482,140
451,481,137
452,484,137
453,488,137
454,489,115
455,481,120
456,483,115
457,483,108
458,474,117
459,487,118
460,471,116
461,475,111
462,484,112
463,481,111
464,491,107
465,496,105
466,502,106
467,489,106
468,495,107
469,495,107
470,492,103
471,497,103
472,506,113
473,506,114
474,496,107
475,496,107
476,496,107
477,496,107
478,496,107
479,496,107
480,495,107
481,493,107
482,493,107
483,493,107
484,493,107
485,493,107
486,493,107
487,493,107
488,504,106
489,501,105
490,507,105
491,534,105
492,532,105
493,531,105
494,547,104
495,545,104
496,563,104
497,563,104
498,572,103
499,598,104
500,586,103
501,606,104
502,604,104
503,624,103
504,634,103
505,656,104
506,654,104
507,653,104
508,674,104
509,686,105
510,686,105
511,718,104
512,717,104
513,736,103
514,727,103
515,745,102
516,754,101
517,774,101
518,763,102
519,777,100
520,792,102
521,794,101
522,796,101
523,799,101
524,803,102
525,800,101
526,792,96
527,815,101
528,819,104
529,820,104
530,825,103
531,829,102
532,831,102
533,833,102
534,827,102
535,800,90
536,785,93
537,765,117
538,728,133
539,713,137
540,658,158
541,645,165
542,604,189
543,557,213
544,550,216
545,533,225
546,528,227
547,528,227
548,528,228
549,511,230
550,509,231
551,510,234
552,511,234
553,507,230
554,500,233
555,512,227
556,515,227
557,518,225
558,525,207
559,530,189
560,531,185
561,534,166
562,538,154
563,542,138
564,540,143
565,549,125
566,549,136
567,553,127
568,529,133
569,516,143
570,522,143
571,530,137
572,539,147
573,536,144
574,544,137
575,557,129
576,564,126
577,633,100
578,689,69
579,741,46
580,749,42
581,762,34
582,762,36
583,734,31
584,727,29
585,714,29
586,719,22
587,719,27
588,720,33
589,716,37
590,716,44
591,706,61
592,707,65
593,707,65
594,700,67
595,696,67
596,696,67
597,695,74
598,694,77
599,673,81
600,677,83
601,670,83
602,667,80
603,681,83
604,679,86
605,679,86
606,656,78
607,654,78
608,654,83
609,670,79
610,669,78
611,668,78
612,651,88
613,655,98
614,655,98
615,665,81
616,654,99
617,647,92
618,646,92
619,646,92
620,646,92
621,651,82
622,651,82
623,639,90
624,645,92
625,666,92
626,666,92
627,668,91
628,651,93
629,669,81
630,660,92
631,655,92
632,669,77
633,656,92
634,668,79
635,669,80
636,684,94
637,684,92
638,678,89
639,668,91
640,671,100
641,672,89
642,682,87
643,697,76
644,699,68
645,702,71
646,713,62
647,715,59
648,719,55
649,720,48
650,721,44
651,721,54
652,722,52
653,722,49
654,716,37
655,709,38
656,706,38
657,703,39
658,696,40
659,710,39
660,690,39
661,700,38
662,689,46
663,690,40
664,689,52
665,689,54
666,685,55
667,687,52
668,689,42
669,692,40
670,692,33
671,698,33
672,708,27
673,709,23
674,707,16
675,707,33
676,707,33
677,707,33
678,707,33
679,705,35
680,705,40
681,705,40
682,705,28
683,702,43
684,706,36
685,698,44
686,703,39
687,696,46
688,703,48
689,697,47
690,697,47
691,697,47
692,693,48
693,687,57
694,689,58
695,689,59
696,688,60
697,688,60
698,692,77
699,692,95
700,692,95
701,691,84
702,692,85
703,699,86
704,701,76
705,702,78
706,707,66
707,713,54
708,712,47
709,713,51
710,717,36
711,717,48
712,717,45
713,718,31
714,721,23
715,720,35
716,724,26
717,723,24
718,715,22
719,708,29
720,708,30
721,705,32
722,702,32
723,698,45
724,698,45
725,698,45
726,708,37
727,694,38
728,701,44
729,701,44
730,703,38
731,700,42
732,690,32
733,705,35
734,713,36
735,718,37
736,732,39
737,732,41
738,737,38
739,737,33
740,738,45
741,737,26
742,737,36
743,737,29
744,738,27
745,749,19
746,738,20
747,738,20
748,747,30
749,748,30
750,749,25
751,748,28
752,780,33
753,807,34
754,851,15
755,851,15
756,858,8
757,867,8
758,876,6
759,876,13
760,872,13
761,882,16
762,883,23
763,877,23
764,872,41
765,870,36
766,869,41
767,878,44
768,872,52
769,874,53
770,875,55
771,881,52
772,887,52
773,884,56
774,884,59
775,882,66
776,882,53
777,884,69
778,884,72
779,884,74
780,884,58
781,882,68
782,895,60
783,904,52
784,893,62
785,903,46
786,911,50
787,911,43
788,905,43
789,907,44
790,908,43
791,920,40
792,915,39
793,916,42
794,921,57
795,918,48
796,922,38
797,940,34
798,940,32
799,946,29
800,948,18
801,953,27
802,941,28
803,938,25
804,948,33
805,938,33
806,953,41
807,957,38
808,934,44
809,936,47
810,947,40
811,963,34
812,961,25
813,962,30
814,960,31
815,965,41
816,971,35
817,969,40
818,961,30
819,966,24
820,966,24
821,968,22
822,979,17
823,979,17
824,975,22
825,976,23
826,982,36
827,981,31
828,985,21
829,976,24
830,986,17
831,987,30
832,989,35
833,993,35
834,997,22
835,997,34
836,1003,23
837,1009,24
838,1011,24
839,1011,24
840,1001,21
841,1006,21
842,1016,33
843,1011,27
844,1010,32
845,1018,19
846,1015,15
847,1015,21
848,1022,36
849,1022,36
850,1017,30
851,1023,25
852,1024,36
853,1033,34
854,1029,35
855,1037,20
856,1037,14
857,1039,21
858,1032,21
859,1040,31
860,1042,28
861,1043,33
862,1041,35
863,1039,49
864,1044,46
865,1026,37
866,1016,24
867,1005,12
868,1011,14
869,997,14
870,1027,14
871,1055,16
872,1061,19
873,1068,16
874,1060,29
875,1073,29
876,1064,33
877,1066,16
878,1066,28
879,1066,37
880,1066,39
881,1067,37
882,1064,40
883,1060,31
884,1062,27
885,1076,22
886,1072,24
887,1072,29
888,1076,32
889,1066,20
890,1072,31
891,1081,24
892,1086,25
893,1082,35
894,1082,40
895,1083,41
896,1086,27
897,1088,27
898,1102,26
899,1102,26
900,1092,28
901,1089,26
902,1102,32
903,1100,23
904,1100,34
905,1105,24
906,1100,18
907,1101,18
908,1108,12
909,1105,9
910,1105,15
911,1106,37
912,1108,25
913,1111,25
914,1123,23
915,1118,30
916,1118,38
917,1114,33
918,1116,37
919,1110,29
920,1117,20
921,1128,15
922,1123,20
923,1123,30
924,1129,37
925,1125,43
926,1125,43
927,1135,32
928,1130,32
929,1136,29
930,1141,19
931,1147,24
932,1134,28
933,1134,36
934,1141,37
935,1148,24
936,1148,18
937,1148,18
938,1148,18
939,1150,39
940,1158,34
941,1153,25
942,1153,27
943,1159,28
944,1157,35
945,1165,31
946,1166,29
947,1165,24
948,1163,18
949,1166,37
950,1177,32
951,1176,27
952,1181,28
953,1187,19
954,1176,19
955,1174,12
956,1179,27
957,1179,27
958,1182,26
959,1183,32
960,1163,32
961,1148,27
962,1138,23
963,1036,37
964,983,54
965,983,54
966,908,91
967,907,97
968,899,97
969,915,101
970,916,101
971,914,100
972,918,98
973,907,98
974,904,102
975,903,98
976,903,93
977,901,92
978,900,90
979,899,89
980,899,89
981,898,87
982,913,87
983,915,88
984,928,90
985,933,95
986,928,84
987,932,83
988,932,83
989,930,84
990,928,85
991,935,88
992,940,98
993,938,94
994,932,97
995,927,102
996,940,88
997,952,83
998,955,80
999,958,79
1000,958,79
1001,948,71
1002,953,98
1003,955,99
1004,952,98
1005,962,95
1006,967,83
1007,973,87
1008,965,83
1009,963,104
1010,974,100
1011,974,93
1012,970,87
1013,976,91
1014,971,91
1015,973,89
1016,994,91
1017,989,80
1018,996,88
1019,981,91
1020,978,87
1021,989,98
1022,988,88
1023,988,81
1024,990,95
1025,991,101
1026,993,100
1027,994,115
1028,985,114
1029,988,116
1030,987,103
1031,990,94
1032,994,86
1033,1001,81
1034,998,78
1035,1002,94
1036,1010,100
1037,1011,88
1038,1013,81
1039,1017,81
1040,1015,73
1041,1016,79
1042,1012,81
1043,1010,93
1044,1017,97
1045,1025,95
1046,1022,84
1047,1012,74
1048,996,70
1049,990,70
1050,990,70
1051,989,73
1052,981,76
1053,923,113
1054,913,117
1055,907,121
1056,895,114
1057,895,124
1058,894,104
1059,895,103
1060,895,103
1061,899,104
1062,906,107
1063,898,116
1064,901,111
1065,912,117
1066,930,125
1067,945,134
1068,932,130
1069,939,124
1070,936,110
1071,942,115
1072,937,121
1073,948,124
1074,948,127
1075,950,127
1076,943,136
1077,929,139
1078,937,132
1079,948,126
1080,998,135
1081,1000,139
1082,997,147
1083,985,144
1084,979,136
1085,977,128
1086,977,128
1087,972,129
1088,974,125
1089,967,137
1090,958,133
1091,958,133
1092,958,133
1093,958,133
1094,969,138
1095,974,150
1096,977,153
1097,977,158
1098,972,149
1099,963,138
1100,965,129
1101,961,139
1102,965,137
1103,976,135
1104,978,146
1105,966,150
1106,970,155
1107,971,142
1108,978,138
1109,988,132
1110,992,131
1111,988,121
1112,988,124
1113,991,147
1114,993,146
1115,993,147
1116,1008,138
1117,1009,133
1118,1011,138
1119,1002,137
1120,998,149
1121,1005,147
1122,1012,146
1123,1009,136
1124,1009,130
1125,1006,135
1126,1013,142
1127,1027,145
1128,1020,152
1129,1020,129
1130,1030,136
1131,1025,140
1132,1033,143
1133,1037,146
1134,1035,143
1135,1036,146
1136,1046,134
1137,1037,129
1138,1036,153
1139,1038,161
1140,1044,159
1141,1041,151
1142,1043,132
1143,1044,129
1144,1048,130
1145,1044,129
1146,1047,139
1147,1048,136
1148,1052,137
1149,1052,128
1150,1056,130
1151,1056,130
1152,1059,139
1153,1059,146
1154,1065,138
1155,1067,132
1156,1067,132
1157,1067,143
1158,1068,146
1159,1080,140
1160,1077,137
1161,1086,132
1162,1084,135
1163,1088,131
1164,1079,127
1165,1079,138
1166,1084,138
1167,1087,129
1168,1088,132
1169,1090,138
1170,1095,140
1171,1098,143
1172,1098,149
1173,1090,154
1174,1078,146
1175,1064,133
1176,1052,118
1177,1057,120
1178,1048,110
1179,1058,119
1180,1058,119
1181,1083,111
1182,1092,110
1183,1110,114
1184,1134,119
1185,1127,125
1186,1137,121
1187,1127,129
1188,1127,129
1189,1127,129
1190,1131,120
1191,1132,122
1192,1105,124
1193,1102,126
1194,1095,117
1195,1090,123
1196,1104,127
1197,1100,126
1198,1097,127
1199,1075,126
1200,1087,125
1201,1066,124
1202,1021,116
1203,1021,116
1204,1021,116
1205,1021,116
1206,1021,116
1207,1021,116
1208,1021,116
1209,1021,116
1210,1021,116
1211,1021,116
1212,1021,116
1213,1021,116
1214,1021,116
1215,1021,116
1216,1021,116
1217,1021,116
1218,1021,116
1219,1021,116
1220,1021,116
1221,1021,116
1222,1021,116
1223,1021,116
1224,1021,116
1225,1021,116
1226,1021,116
1227,1021,116
1228,1021,116
1229,1021,116
1230,1021,116
1231,1021,116
1232,1021,116
1233,1021,116
1234,1021,116
1235,1021,116
1236,1021,116
1237,1022,17
1238,1026,11
1239,1025,19
1240,1067,30
1241,1071,39
1242,1075,57
1243,1074,67
1244,1068,114
1245,1067,115
1246,1121,124
1247,1133,126
1248,1148,130
1249,1151,132
1250,1123,145
1251,1120,145
1252,1116,144
1253,1128,141
1254,1123,147
1255,1119,139
1256,1121,138
1257,1125,138
1258,1119,138
1259,1146,125
1260,1140,113
1261,1130,118
1262,1125,121
1263,1118,129
1264,1128,124
1265,1129,136
1266,1124,128
1267,1119,128
1268,1119,128
1269,1124,130
1270,1133,126
1271,1135,132
1272,1125,122
1273,1121,123
1274,1118,126
1275,1118,133
1276,1121,131
1277,1127,130
1278,1131,116
1279,1121,122
1280,1121,122
1281,1121,122
1282,1121,122
1283,1121,122
1284,1121,122
1285,1125,133
1286,1124,141
1287,1126,136
1288,1143,130
1289,1143,129
1290,1155,126
1291,1142,126
1292,1152,135
1293,1155,125
1294,1155,123
1295,1141,127
1296,1142,137
1297,1152,135
1298,1147,131
1299,1150,117
1300,1148,132
1301,1155,128
1302,1155,128
1303,1164,132
1304,1161,120
1305,1161,114
1306,1161,111
1307,1165,124
1308,1165,125
1309,1172,132
1310,1170,120
1311,1172,117
1312,1172,119
1313,1180,120
1314,1177,121
1315,1183,128
1316,1182,124
1317,1186,114
1318,1196,118
1319,1189,121
1320,1198,126
1321,1201,123
1322,1198,121
1323,1198,128
1324,1198,128
1325,1212,120
1326,1208,111
1327,1213,116
1328,1203,112
1329,1202,131
1330,1209,126
1331,1222,121
1332,1229,107
1333,1233,112
1334,1222,111
1335,1217,106
1336,1225,120
1337,1224,122
1338,1223,126
1339,1215,128
1340,1205,124
1341,1199,120
1342,1096,125
1343,1096,125
1344,914,161
1345,883,165
1346,880,166
1347,895,158
1348,908,148
1349,904,151
1350,906,151
1351,889,154
1352,886,155
1353,882,156
1354,891,152
1355,889,144
1356,889,161
1357,889,142
1358,889,142
1359,893,155
1360,901,166
1361,910,177
1362,911,181
1363,914,170
1364,919,184
1365,918,178
1366,917,159
1367,917,159
1368,921,172
1369,927,179
1370,931,191
1371,926,186
1372,908,190
1373,914,198
1374,926,184
1375,946,181
1376,955,186
1377,952,191
1378,947,203
1379,946,203
1380,947,202
1381,947,202
1382,948,188
1383,947,197
1384,948,198
1385,951,194
1386,951,189
1387,951,184
1388,961,191
1389,959,198
1390,959,199
1391,965,207
1392,962,209
1393,965,190
1394,972,191
1395,970,194
1396,973,199
1397,985,201
1398,986,197
1399,986,190
1400,988,196
1401,981,193
1402,977,197
1403,979,204
1404,986,197
1405,988,191
1406,988,191
1407,987,187
1408,996,201
1409,1002,198
1410,1004,192
1411,1012,193
1412,1017,193
1413,1013,190
1414,1016,194
1415,1003,192
1416,999,187
1417,997,173
1418,997,170
1419,999,183
1420,1004,192
1421,1007,206
1422,1006,204
1423,1012,192
1424,1015,178
1425,1020,188
1426,1013,188
1427,1005,188
1428,1012,198
1429,1025,198
1430,1021,196
1431,1024,182
1432,1024,178
1433,1023,179
1434,1026,199
1435,1035,195
1436,1030,193
1437,1034,183
1438,1033,191
1439,1033,183
1440,1046,192
1441,1049,188
1442,1047,187
1443,1048,176
1444,1049,189
1445,1055,195
1446,1056,192
1447,1066,185
1448,1064,176
1449,1072,184
1450,1063,179
1451,1063,194
1452,1067,210
1453,1073,206
1454,1058,204
1455,1044,192
1456,1027,180
1457,1017,172
1458,1015,176
1459,1026,177
1460,1080,183
1461,1096,185
1462,1090,183
1463,1095,179
1464,1100,189
1465,1092,192
1466,1089,175
1467,1090,188
1468,1089,186
1469,1089,186
1470,1091,199
1471,1093,185
1472,1104,183
1473,1109,184
1474,1110,186
1475,1110,188
1476,1110,185
1477,1110,185
1478,1113,188
1479,1111,186
1480,1118,183
1481,1123,183
1482,1114,181
1483,1112,194
1484,1118,190
1485,1136,190
1486,1131,186
1487,1133,181
1488,1141,180
1489,1138,180
1490,1127,182
1491,1129,191
1492,1135,188
1493,1149,186
1494,1149,186
1495,1153,187
1496,1143,197
1497,1154,189
1498,1158,189
1499,1158,186
1500,1155,197
1501,1156,184
1502,1159,190
1503,1160,192
1504,1150,181
1505,1149,198
1506,1150,196
1507,1159,186
1508,1152,197
1509,1152,197
1510,1159,187
1511,1144,184
1512,1134,178
1513,1089,172
1514,1031,179
1515,974,177
1516,876,177
1517,867,167
1518,863,150
1519,876,140
1520,883,128
1521,879,145
1522,857,184
1523,868,186
1524,879,189
1525,911,189
1526,921,187
1527,912,187
1528,887,192
1529,876,197
1530,875,199
1531,892,187
1532,893,169
1533,883,171
1534,881,173
1535,884,174
1536,877,172
1537,874,172
1538,884,166
1539,878,171
1540,884,165
1541,873,165
1542,874,169
1543,864,168
1544,864,168
1545,872,179
1546,872,178
1547,876,163
1548,873,176
1549,873,175
1550,873,175
1551,873,175
1552,873,175
1553,873,175
1554,873,161
1555,878,180
1556,884,193
1557,891,207
1558,901,222
1559,909,236
1560,917,254
1561,916,260
1562,916,255
1563,916,248
1564,921,239
1565,923,228
1566,928,239
1567,928,239
1568,922,229
1569,926,251
1570,926,258
1571,916,258
1572,923,257
1573,915,261
1574,953,241
1575,953,241
1576,999,253
1577,983,260
1578,976,260
1579,967,264
1580,965,252
1581,963,253
1582,966,249
1583,963,249
1584,954,256
1585,964,247
1586,965,247
1587,959,253
1588,962,259
1589,962,265
1590,963,258
1591,965,252
1592,950,254
1593,947,268
1594,954,265
1595,965,266
1596,970,262
1597,971,265
1598,971,265
1599,978,264
1600,981,268
1601,980,274
1602,980,267
1603,979,258
1604,986,257
1605,1004,255
1606,995,256
1607,1006,252
1608,996,252
1609,997,267
1610,1014,263
1611,1015,260
1612,1020,264
1613,1026,253
1614,1012,255
1615,1009,269
1616,1020,261
1617,1021,254
1618,1019,261
1619,1022,264
1620,1031,262
1621,1032,257
1622,1037,239
1623,1035,241
1624,1035,241
1625,1034,230
1626,1039,248
1627,1042,247
1628,1044,259
1629,1029,246
1630,1039,248
1631,1038,246
1632,1054,244
1633,1056,246
1634,1055,251
1635,1061,247
1636,1054,237
1637,1055,258
1638,1060,260
1639,1068,258
1640,1060,261
1641,1063,257
1642,1063,257
1643,1063,257
1644,1063,257
1645,1063,257
1646,1065,239
1647,1065,239
1648,1068,244
1649,1066,238
1650,1071,250
1651,1065,234
1652,1065,234
1653,1065,236
1654,1069,255
1655,1075,257
1656,1074,247
1657,1074,241
1658,1077,241
1659,1071,245
1660,1085,242
1661,1085,242
1662,1081,236
1663,1083,257
1664,1094,252
1665,1093,242
1666,1094,237
1667,1096,217
1668,1096,235
1669,1096,225
1670,1097,236
1671,1092,241
1672,1098,252
1673,1096,242
1674,1108,239
1675,1110,244
1676,1110,244
1677,1122,245
1678,1120,242
1679,1130,237
1680,1127,248
1681,1126,250
1682,1133,259
1683,1119,255
1684,1106,244
1685,1093,234
1686,1077,231
1687,1086,231
1688,1086,231
1689,1079,229
1690,1067,228
1691,1056,229
1692,1058,230
1693,1058,233
1694,1059,233
1695,1059,233
1696,1059,233
1697,1059,233
1698,1040,230
1699,1008,227
1700,1006,226
1701,1006,226
1702,1006,226
1703,1006,226
1704,1006,226
1705,1006,226
1706,1006,226
1707,1006,226
1708,1006,226
1709,1006,226
1710,1006,226
1711,1006,226
1712,1006,226
1713,1006,226
1714,1006,226
1715,1006,226
1716,1006,226
1717,1006,226
1718,1006,226
1719,1006,226
1720,1006,226
1721,1006,226
1722,1006,226
1723,1006,226
1724,1006,226
1725,1006,226
1726,1006,226
1727,1006,226
1728,1006,226
1729,1006,226
1730,1006,226
1731,1006,226
1732,1006,226
1733,1006,226
1734,1006,226
1735,1006,226
1736,1006,226
1737,1006,226
1738,1006,226
1739,1006,226
1740,1006,226
1741,1006,226
1742,1006,226
1743,1006,226
1744,1006,226
1745,1006,226
1746,1006,226
1747,1006,226
1748,1006,226
1749,1006,226
1750,1006,226
1751,1006,226
1752,1006,226
1753,1006,226
1754,1006,226
1755,1006,226
1756,1006,226
1757,1006,226
1758,1006,226
1759,1006,226
1760,1006,226
1761,1006,226
1762,1006,226
1763,1006,226
1764,1006,226
1765,1006,226
1766,1006,226
1767,1006,226
1768,1006,226
1769,1006,226
1770,1006,226
1771,1006,226
1772,1006,226
1773,1006,226
1774,1006,226
1775,1006,226
1776,1006,226
1777,1006,226
1778,1006,226
1779,1006,226
1780,1006,226
1781,1006,226
1782,1006,226
1783,1006,226
1784,1006,226
1785,1006,226
1786,1006,226
1787,1006,226
1788,1006,226
1789,1006,226
1790,1006,226
1791,1006,226
1792,1006,226
1793,1006,226
1794,1006,226
1795,1006,226
1796,1006,226
1797,1006,226
1798,1006,226
1799,1006,226
1800,1006,226
1801,1006,226
1802,1006,226
1803,1006,226
1804,1006,226
1805,1006,226
1806,1006,226
1807,1006,226
1808,1006,226
1809,1006,226
1810,1006,226
1811,1006,226
1812,1006,226
1813,1006,226
1814,1006,226
1815,1006,226
1816,1006,226
1817,1006,226
1818,1006,226
1819,1006,226
1820,1006,226
1821,1006,226
1822,1006,226
1823,1006,226
1824,1006,226
1825,1006,226
1826,1006,226
1827,1006,226
1828,1006,226
1829,1006,226
1830,1006,226
1831,1006,226
1832,1006,226
1833,1006,226
1834,1006,226
1835,1006,226
1836,1006,226
1837,1006,226
1838,1006,226
1839,1002,226
1840,1066,23
1841,1053,39
1842,1044,60
1843,1041,73
1844,1042,111
1845,1045,120
1846,1045,131
1847,1053,137
1848,1066,137
1849,1058,144
1850,1005,157
1851,996,157
1852,978,156
1853,971,149
1854,977,138
1855,984,94
1856,981,85
1857,978,66
1858,981,61
1859,986,56
1860,990,49
1861,978,52
1862,992,48
1863,992,48
1864,983,49
1865,980,47
1866,992,39
1867,988,39
1868,970,49
1869,980,43
1870,973,42
1871,949,48
1872,957,52
1873,945,50
1874,939,51
1875,939,51
1876,939,51
1877,945,61
1878,945,61
1879,945,62
1880,945,62
1881,934,54
1882,930,56
1883,888,60
1884,878,62
1885,856,65
1886,831,69
1887,826,71
1888,821,73
1889,822,74
1890,813,76
1891,770,81
1892,770,81
1893,766,85
1894,766,85
1895,766,85
1896,773,85
1897,778,70
1898,777,62
1899,776,61
1900,785,71
1901,786,71
1902,788,71
1903,804,70
1904,807,70
1905,833,70
1906,848,70
1907,895,67
1908,892,67
1909,923,63
1910,928,60
1911,943,56
1912,943,54
1913,950,56
1914,963,52
1915,967,51
1916,969,47
1917,969,47
1918,954,50
1919,954,50
1920,954,50
1921,954,50
1922,954,50
1923,954,50
1924,865,77
1925,855,80
1926,839,89
1927,837,91
1928,838,94
1929,832,94
1930,814,97
1931,796,102
1932,800,114
1933,793,106
1934,781,111
1935,779,112
1936,774,121
1937,774,121
1938,764,120
1939,773,122
1940,772,122
1941,772,120
1942,772,116
1943,772,110
1944,772,105
1945,771,100
1946,773,96
1947,774,98
1948,774,94
1949,774,94
1950,774,94
1951,774,94
1952,774,94
1953,771,93
1954,771,93
1955,771,93
1956,771,93
1957,765,87
1958,781,76
1959,789,84
1960,784,81
1961,784,81
1962,787,77
1963,782,80
1964,779,77
1965,797,67
1966,788,70
1967,791,69
1968,797,69
1969,799,65
1970,802,64
1971,823,65
1972,829,65
1973,815,64
1974,836,65
1975,842,65
1976,829,65
1977,836,65
1978,870,65
1979,876,65
1980,879,69
1981,873,69
1982,879,71
1983,900,74
1984,907,76
1985,918,78
1986,943,79
1987,951,79
1988,984,79
1989,985,78
1990,990,68
1991,987,74
1992,998,73
1993,983,74
1994,996,68
1995,994,63
1996,999,73
1997,989,67
1998,992,75
1999,991,73
2000,991,71
2001,991,66
2002,994,50
2003,993,64
2004,992,44
2005,992,44
2006,1001,53
2007,1001,53
2008,1001,53
2009,1001,53
2010,1001,53
2011,1001,53
2012,1001,53
2013,1003,53
2014,1005,53
2015,1006,53
2016,1006,53
2017,1006,53
2018,992,59
2019,987,63
2020,976,79
2021,964,90
2022,954,105
2023,954,123
2024,953,115
2025,956,126
2026,952,127
2027,936,133
2028,937,137
2029,938,142
2030,938,143
2031,938,144
2032,938,147
2033,928,139
2034,933,137
2035,947,141
2036,953,141
2037,953,141
2038,951,142
2039,953,143
2040,949,152
2041,949,152
2042,947,152
2043,948,156
2044,948,157
2045,948,159
2046,958,150
2047,961,150
2048,961,148
2049,951,150
2050,955,147
2051,958,145
2052,969,142
2053,981,137
2054,981,130
2055,985,130
2056,986,127
2057,996,129
2058,985,120
2059,985,120
2060,996,127
2061,975,128
2062,994,128
2063,989,128
2064,989,128
2065,979,119
2066,972,127
2067,990,124
2068,979,126
2069,981,124
2070,1001,122
2071,1003,118
2072,1000,116
2073,998,118
2074,999,124
2075,999,122
2076,998,121
2077,989,112
2078,1003,112
2079,1001,110
2080,998,110
2081,992,110
2082,971,107
2083,967,107
2084,968,108
2085,957,110
2086,940,112
2087,945,114
2088,944,116
2089,940,115
2090,944,120
2091,937,113
2092,944,115
2093,947,111
2094,960,103
2095,974,99
2096,992,93
2097,985,95
2098,999,89
2099,1005,83
2100,1011,85
2101,1013,82
2102,1020,82
2103,1012,77
2104,1014,79
2105,1015,105
2106,1013,112
2107,1008,115
2108,1007,123
2109,1010,116
2110,1001,127
2111,1007,121
2112,1007,121
2113,1010,125
2114,1009,125
2115,1005,123
2116,1004,123
2117,1003,124
2118,1001,127
2119,984,129
2120,981,126
2121,999,129
2122,978,124
2123,979,121
2124,978,121
2125,979,114
2126,980,124
2127,980,116
2128,975,113
2129,972,83
2130,960,84
2131,885,85
2132,885,85
2133,655,87
2134,553,87
2135,553,87
2136,479,82
2137,236,96
2138,160,112
2139,18,161
2140,18,161
2141,18,161
2142,18,161
2143,18,161
2144,18,161
2145,18,161
2146,18,161
2147,18,161
2148,18,161
2149,18,161
2150,18,161
2151,18,161
2152,18,161
2153,18,161
2154,18,161
2155,18,161
2156,18,161
2157,18,161
2158,18,161
2159,18,161
2160,18,161
2161,18,161
2162,18,161
2163,18,161
2164,18,161
2165,18,161
2166,18,161
2167,18,161
2168,18,161
2169,18,161
2170,18,161
2171,18,161
2172,18,161
2173,18,161
2174,18,161
2175,18,161
2176,18,161
2177,18,161
2178,23,145
2179,23,145
2180,169,143
2181,176,139
2182,184,132
2183,183,150
2184,191,145
2185,217,147
2186,217,143
2187,225,137
2188,234,134
2189,236,133
2190,249,126
2191,253,120
2192,259,106
2193,256,110
2194,253,107
2195,253,107
2196,256,107
2197,262,113
2198,253,110
2199,253,110
2200,253,110
2201,253,110
2202,253,110
2203,270,110
2204,254,106
2205,268,110
2206,248,109
2207,248,109
2208,248,109
2209,248,109
2210,248,109
2211,251,109
2212,272,109
2213,270,109
2214,292,108
2215,302,108
2216,305,109
2217,326,109
2218,348,109
2219,338,109
2220,350,110
2221,384,110
2222,393,109
2223,394,109
2224,392,109
2225,415,109
2226,426,109
2227,436,108
2228,445,108
2229,464,107
2230,470,107
2231,473,107
2232,475,107
2233,475,107
2234,459,108
2235,462,108
2236,462,108
2237,478,109
2238,483,108
2239,477,107
2240,420,113
2241,390,126
2242,379,131
2243,329,154
2244,321,156
2245,317,158
2246,301,158
2247,301,158
2248,296,167
2249,295,155
2250,293,156
2251,298,148
2252,308,141
2253,312,137
2254,325,138
2255,328,131
2256,322,135
2257,322,135
2258,330,131
2259,315,128
2260,320,128
2261,311,132
2262,298,125
2263,308,125
2264,287,124
2265,299,125
2266,298,122
2267,288,124
2268,283,108
2269,286,114
2270,279,107
2271,276,110
2272,274,105
2273,271,82
2274,274,61
2275,269,63
2276,273,70
2277,258,74
2278,260,84
2279,260,73
2280,255,85
2281,266,86
2282,273,99
2283,272,95
2284,270,110
2285,273,128
2286,282,136
2287,293,137
2288,295,136
2289,303,145
2290,304,123
2291,308,111
2292,305,117
2293,292,109
2294,285,110
2295,297,112
2296,293,118
2297,298,107
2298,285,106
2299,283,110
2300,291,103
2301,300,102
2302,306,101
2303,330,100
2304,353,98
2305,370,96
2306,373,95
2307,381,93
2308,377,89
2309,374,88
2310,356,86
2311,336,82
2312,319,79
2313,305,81
2314,296,83
2315,287,90
2316,277,86
2317,298,84
2318,306,84
2319,353,83
2320,364,82
2321,379,81
2322,409,80
2323,409,80
2324,376,81
2325,365,79
2326,326,78
2327,320,77
2328,314,76
2329,301,77
2330,293,76
2331,290,98
2332,307,88
2333,317,89
2334,326,89
2335,311,92
2336,282,93
2337,289,93
2338,289,93
2339,290,95
2340,312,96
2341,315,94
2342,315,98
2343,297,99
2344,276,97
2345,285,95
2346,298,91
2347,301,90
2348,307,94
2349,311,99
2350,307,99
2351,294,112
2352,304,99
2353,310,98
2354,331,96
2355,335,83
2356,351,92
2357,343,102
2358,347,93
2359,348,91
2360,349,91
2361,346,94
2362,335,92
2363,354,92
2364,346,102
2365,341,93
2366,342,93
2367,328,89
2368,331,106
2369,326,106
2370,326,112
2371,321,111
2372,324,114
2373,313,104
2374,322,111
2375,326,99
2376,342,96
2377,361,93
2378,377,91
2379,388,89
2380,405,88
2381,411,88
2382,405,98
2383,406,99
2384,408,100
2385,408,92
2386,409,100
2387,386,103
2388,378,105
2389,351,107
2390,348,108
2391,332,113
2392,337,97
2393,349,90
2394,357,96
2395,356,115
2396,347,130
2397,336,140
2398,332,141
2399,325,143
2400,324,142
2401,323,141
2402,325,136
2403,314,141
2404,318,142
2405,316,141
2406,305,151
2407,315,151
2408,311,151
2409,305,151
2410,299,152
2411,293,140
2412,292,151
2413,294,156
2414,299,151
2415,301,154
2416,313,156
2417,326,152
2418,322,161
2419,322,161
2420,318,156
2421,318,156
2422,318,156
2423,318,150
2424,322,163
2425,322,165
2426,327,157
2427,310,159
2428,321,159
2429,307,155
2430,307,155
2431,303,147
2432,302,122
2433,305,129
2434,303,130
2435,309,133
2436,302,133
2437,297,134
2438,282,137
2439,299,135
2440,298,132
2441,300,132
2442,298,138
2443,298,138
2444,314,125
2445,309,122
2446,311,124
2447,316,114
2448,322,120
2449,316,126
2450,316,126
2451,309,120
2452,314,131
2453,308,131
2454,296,137
2455,302,133
2456,294,141
2457,293,146
2458,289,147
2459,292,154
2460,291,157
2461,291,157
2462,291,157
2463,284,148
2464,288,147
2465,288,149
2466,291,149
2467,307,148
2468,331,145
2469,334,145
2470,336,145
2471,350,147
2472,351,155
2473,354,148
2474,348,147
2475,348,154
2476,334,158
2477,338,158
2478,339,159
2479,338,157
2480,326,156
2481,328,156
2482,321,155
2483,305,152
2484,313,152
2485,316,155
2486,314,160
2487,313,166
2488,313,167
2489,321,157
2490,301,158
2491,302,160
2492,296,159
2493,292,160
2494,302,160
2495,286,156
2496,285,152
2497,283,159
2498,285,167
2499,289,166
2500,288,174
2501,288,174
2502,293,165
2503,282,156
2504,280,144
2505,285,134
2506,289,121
2507,291,124
2508,289,126
2509,293,130
2510,288,129
2511,270,131
2512,268,130
2513,279,122
2514,276,126
2515,297,120
2516,294,132
2517,294,131
2518,298,139
2519,306,136
2520,304,143
2521,309,154
2522,312,166
2523,320,165
2524,315,169
2525,313,161
2526,298,161
2527,306,159
2528,301,173
2529,314,168
2530,319,171
2531,320,175
2532,311,174
2533,300,172
2534,305,171
2535,313,167
2536,324,162
2537,329,163
2538,318,168
2539,323,176
2540,332,174
2541,328,170
2542,334,166
2543,328,164
2544,327,166
2545,325,164
2546,337,161
2547,343,161
2548,335,158
2549,339,162
2550,345,167
2551,343,174
2552,347,156
2553,349,166
2554,350,172
2555,359,168
2556,351,170
2557,361,156
2558,358,170
2559,360,165
2560,369,162
2561,366,168
2562,375,160
2563,367,167
2564,376,165
2565,383,163
2566,379,167
2567,382,156
2568,372,153
2569,374,165
2570,383,165
2571,390,155
2572,387,162
2573,392,147
2574,380,137
2575,389,134
2576,395,153
2577,400,163
2578,403,159
2579,398,157
2580,398,158
2581,399,154
2582,406,147
2583,409,135
2584,409,135
2585,410,145
2586,414,152
2587,418,152
2588,420,155
2589,423,138
2590,426,151
2591,430,154
2592,433,148
2593,432,140
2594,433,136
2595,433,136
2596,438,149
2597,446,148
2598,441,139
2599,441,132
2600,440,134
2601,444,150
2602,438,145
2603,449,144
2604,455,132
2605,459,131
2606,456,126
2607,456,129
2608,462,144
2609,466,136
2610,475,137
2611,468,135
2612,475,155
2613,479,151
2614,461,151
2615,450,145
2616,438,135
2617,439,130
2618,431,129
2619,399,154
2620,375,179
2621,366,188
2622,351,203
2623,348,206
2624,341,206
2625,339,210
2626,349,200
2627,343,203
2628,348,209
2629,350,220
2630,350,216
2631,351,194
2632,350,196
2633,359,210
2634,362,212
2635,358,211
2636,366,193
2637,368,205
2638,369,203
2639,384,206
2640,382,198
2641,383,194
2642,385,199
2643,375,198
2644,374,212
2645,386,205
2646,384,196
2647,383,189
2648,387,204
2649,387,204
2650,387,204
2651,392,197
2652,391,191
2653,397,189
2654,398,204
2655,404,196
2656,403,201
2657,395,179
2658,395,189
2659,398,188
2660,406,194
2661,422,191
2662,419,178
2663,414,180
2664,417,178
2665,419,192
2666,431,191
2667,425,195
2668,420,191
2669,414,194
2670,372,224
2671,350,240
2672,340,250
2673,338,256
2674,340,256
2675,340,249
2676,340,241
2677,347,238
2678,347,242
2679,350,258
2680,351,250
2681,355,245
2682,365,240
2683,362,253
2684,364,248
2685,344,256
2686,351,250
2687,354,249
2688,363,240
2689,370,243
2690,370,250
2691,375,250
2692,373,246
2693,376,230
2694,376,230
2695,376,230
2696,376,252
2697,376,246
2698,380,254
2699,392,239
2700,395,229
2701,397,227
2702,403,229
2703,403,228
2704,400,239
2705,396,221
2706,397,229
2707,398,220
2708,399,219
2709,406,240
2710,405,241
2711,407,238
2712,407,229
2713,411,234
2714,413,236
2715,420,230
2716,417,218
2717,417,214
2718,417,217
2719,421,230
2720,433,231
2721,429,216
2722,429,226
2723,428,208
2724,424,217
2725,434,205
2726,435,217
2727,438,229
2728,448,225
2729,439,230
2730,441,206
2731,445,206
2732,444,213
2733,450,220
2734,450,220
2735,451,213
2736,458,203
2737,456,200
2738,460,220
2739,470,215
2740,469,206
2741,469,196
2742,475,202
2743,466,199
2744,460,209
2745,470,213
2746,469,206
2747,471,200
2748,471,197
2749,473,210
2750,479,207
2751,478,215
2752,477,192
2753,477,191
2754,480,210
2755,475,208
2756,483,195
2757,483,204
2758,485,193
2759,488,199
2760,499,204
2761,496,201
2762,501,188
2763,502,182
2764,501,176
2765,498,184
2766,495,181
2767,497,193
2768,505,196
2769,506,208
2770,500,206
2771,491,206
2772,480,199
2773,475,181
2774,475,178
2775,476,182
2776,471,187
2777,462,183
2778,462,183
2779,462,183
2780,462,183
2781,462,183
2782,462,183
2783,462,183
2784,462,183
2785,462,183
2786,462,183
2787,462,183
2788,462,183
2789,462,183
2790,462,183
2791,462,183
2792,462,183
2793,462,183
2794,462,183
2795,462,183
2796,462,183
2797,462,183
2798,462,183
2799,462,183
2800,462,183
2801,462,183
2802,462,183
2803,462,183
2804,462,183
2805,462,183
2806,462,183
2807,462,183
2808,462,183
2809,462,183
2810,462,183
2811,462,183
2812,462,183
2813,462,183
2814,462,183
2815,462,183
2816,462,183
2817,462,183
2818,462,183
2819,462,183
2820,462,183
2821,462,183
2822,462,183
2823,462,183
2824,462,183
2825,462,183
2826,462,183
2827,462,183
2828,462,183
2829,462,183
2830,462,183
2831,462,183
2832,462,183
2833,462,183
2834,462,183
2835,462,183
2836,462,183
2837,462,183
2838,462,183
2839,462,183
2840,462,183
2841,462,183
2842,462,183
2843,462,183
2844,462,183
2845,462,183
2846,462,183
2847,462,183
2848,462,183
2849,462,183
2850,462,183
2851,462,183
2852,462,183
2853,462,183
2854,462,183
2855,462,183
2856,462,183
2857,462,183
2858,462,183
2859,462,183
2860,462,183
2861,462,183
2862,462,183
2863,462,183
2864,462,183
2865,462,183
2866,462,183
2867,462,183
2868,462,183
2869,462,183
2870,462,183
2871,462,183
2872,462,183
2873,462,183
2874,462,183
2875,462,183
2876,462,183
2877,462,183
2878,462,183
2879,462,183
2880,462,183
2881,462,183
2882,462,183
2883,462,183
2884,462,183
2885,462,183
2886,462,183
2887,462,183
2888,462,183
2889,462,183
2890,462,183
2891,462,183
2892,462,183
2893,462,183
2894,462,183
2895,462,183
2896,462,183
2897,462,183
2898,462,183
2899,462,183
2900,462,183
2901,462,183
2902,462,183
2903,462,183
2904,462,183
2905,462,183
2906,462,183
2907,462,183
2908,457,181
2909,592,107
2910,549,146
2911,543,149
2912,531,148
2913,517,149
2914,499,157
2915,499,163
2916,487,180
2917,478,190
2918,464,206
2919,448,216
2920,441,221
2921,413,220
2922,393,206
2923,373,189
2924,365,183
2925,325,165
2926,319,165
2927,280,166
2928,262,166
2929,260,166
2930,256,167
2931,256,175
2932,252,193
2933,254,219
2934,264,237
2935,272,237
2936,265,240
2937,263,247
2938,254,261
2939,262,252
2940,263,250
2941,263,250
2942,262,250
2943,257,261
2944,258,248
2945,258,250
2946,262,246
2947,248,247
2948,241,251
2949,107,333
2950,107,333
2951,20,369
2952,20,369
2953,20,369
2954,20,369
2955,20,369
2956,20,369
2957,20,369
2958,20,369
2959,20,369
2960,20,369
2961,20,369
2962,20,369
2963,20,369
2964,20,369
2965,20,369
2966,20,369
2967,20,369
2968,20,369
2969,20,369
2970,20,369
2971,20,369
2972,20,369
2973,20,369
2974,20,369
2975,20,369
2976,20,369
2977,20,369
2978,20,369
2979,20,369
2980,20,369
2981,20,369
2982,20,369
2983,20,369
2984,2,328
2985,109,274
2986,109,274
2987,216,224
2988,233,214
2989,240,216
2990,247,221
2991,263,221
2992,276,215
2993,285,211
2994,276,211
2995,257,213
2996,254,211
2997,250,225
2998,253,227
2999,252,232
3000,256,223
3001,244,223
3002,252,223
3003,246,226
3004,245,225
3005,245,223
3006,245,223
3007,245,222
3008,245,221
3009,239,213
3010,235,213
3011,240,220
3012,241,208
3013,242,210
3014,245,208
3015,239,201
3016,234,201
3017,235,205
3018,235,205
3019,235,205
3020,238,211
3021,239,212
3022,239,216
3023,239,216
3024,243,210
3025,239,210
3026,233,201
3027,230,180
3028,231,178
3029,237,162
3030,243,151
3031,248,141
3032,256,130
3033,264,132
3034,264,132
3035,264,132
3036,256,123
3037,263,133
3038,258,136
3039,254,129
3040,258,133
3041,237,132
3042,237,132
3043,237,132
3044,243,126
3045,234,130
3046,243,121
3047,243,121
3048,234,130
3049,258,129
3050,264,129
3051,264,129
3052,257,122
3053,257,138
3054,257,154
3055,259,145
3056,241,141
3057,248,155
3058,227,209
3059,210,240
3060,214,239
3061,211,244
3062,219,243
3063,224,243
3064,221,237
3065,212,244
3066,209,246
3067,208,248
3068,205,242
3069,202,250
3070,215,246
3071,209,250
3072,216,247
3073,218,247
3074,207,247
3075,216,252
3076,220,243
3077,217,241
3078,204,237
3079,200,246
3080,208,249
3081,212,232
3082,210,233
3083,209,248
3084,206,228
3085,226,236
3086,228,239
3087,226,233
3088,225,251
3089,230,249
3090,229,244
3091,231,245
3092,233,236
3093,222,227
3094,232,239
3095,239,237
3096,245,237
3097,247,237
3098,247,237
3099,248,236
3100,244,228
3101,248,234
3102,243,230
3103,238,230
3104,252,241
3105,250,239
3106,255,228
3107,257,220
3108,264,226
3109,250,225
3110,248,232
3111,258,234
3112,257,234
3113,263,238
3114,263,234
3115,264,239
3116,255,231
3117,258,226
3118,260,226
3119,272,223
3120,263,218
3121,266,241
3122,269,240
3123,268,228
3124,271,228
3125,270,220
3126,272,221
3127,277,235
3128,275,217
3129,276,217
3130,283,209
3131,280,199
3132,280,201
3133,279,205
3134,280,203
3135,280,203
3136,280,203
3137,280,203
3138,285,213
3139,291,229
3140,297,223
3141,292,225
3142,284,212
3143,288,218
3144,297,212
3145,297,210
3146,286,221
3147,273,235
3148,257,254
3149,240,273
3150,221,282
3151,216,282
3152,220,274
3153,210,278
3154,209,280
3155,211,288
3156,202,283
3157,209,283
3158,226,277
3159,232,280
3160,237,270
3161,226,266
3162,226,281
3163,241,282
3164,237,270
3165,237,264
3166,246,270
3167,242,271
3168,253,273
3169,253,262
3170,251,259
3171,258,264
3172,248,259
3173,247,265
3174,246,292
3175,249,279
3176,255,268
3177,257,254
3178,257,254
3179,257,265
3180,264,274
3181,267,269
3182,272,262
3183,274,264
3184,270,256
3185,265,260
3186,269,265
3187,279,263
3188,268,263
3189,277,265
3190,278,267
3191,269,268
3192,272,256
3193,275,248
3194,280,246
3195,282,248
3196,286,259
3197,280,252
3198,290,267
3199,290,256
3200,286,251
3201,292,249
3202,291,249
3203,291,249
3204,271,252
3205,253,254
3206,246,251
3207,246,251
3208,246,259
3209,239,287
3210,234,299
3211,225,306
3212,229,304
3213,234,321
3214,236,321
3215,238,325
3216,238,325
3217,238,326
3218,242,304
3219,243,309
3220,251,317
3221,252,317
3222,258,315
3223,263,310
3224,264,306
3225,269,305
3226,258,309
3227,256,308
3228,261,313
3229,263,303
3230,265,299
3231,268,311
3232,268,309
3233,273,301
3234,277,288
3235,277,298
3236,277,287
3237,274,290
3238,282,311
3239,287,306
3240,284,310
3241,277,308
3242,273,298
3243,276,299
3244,291,297
3245,291,292
3246,298,295
3247,290,285
3248,290,287
3249,297,303
3250,303,302
3251,296,287
3252,296,282
3253,302,287
3254,306,286
3255,310,287
3256,302,280
3257,303,293
3258,308,299
3259,306,286
3260,304,286
3261,306,281
3262,310,285
3263,327,283
3264,320,290
3265,320,290
3266,320,279
3267,318,282
3268,323,285
3269,324,278
3270,324,272
3271,327,286
3272,327,285
3273,340,287
3274,334,284
3275,337,276
3276,338,276
3277,338,276
3278,348,266
3279,348,263
3280,344,260
3281,353,271
3282,345,274
3283,339,281
3284,336,281
3285,337,273
3286,339,270
3287,345,275
3288,336,272
3289,336,275
3290,341,279
3291,341,279
3292,341,279
3293,331,272
3294,331,272
3295,328,278
3296,332,282
3297,325,299
3298,334,295
3299,318,299
3300,304,310
3301,294,321
3302,294,325
3303,278,325
3304,278,321
3305,279,295
3306,282,287
3307,277,272
3308,271,285
3309,262,282
3310,279,284
3311,285,284
3312,297,268
3313,301,266
3314,301,263
3315,292,284
3316,284,298
3317,283,302
3318,293,287
3319,295,277
3320,298,261
3321,309,256
3322,311,256
3323,304,261
3324,304,256
3325,305,260
3326,303,277
3327,303,277
3328,309,268
3329,300,270
3330,300,270
3331,313,265
3332,306,264
3333,307,263
3334,309,266
3335,305,270
3336,307,270
3337,320,267
3338,325,261
3339,331,252
3340,327,255
3341,328,252
3342,338,247
3343,339,266
3344,336,276
3345,341,285
3346,325,291
3347,328,284
3348,326,300
3349,326,300
3350,328,290
3351,328,290
3352,334,294
3353,323,302
3354,324,302
3355,325,296
3356,327,291
3357,327,291
3358,330,289
3359,329,289
3360,329,289
3361,319,280
3362,319,280
3363,325,286
3364,325,283
3365,324,277
3366,326,285
3367,320,282
3368,319,281
3369,318,290
3370,325,291
3371,336,285
3372,332,281
3373,330,273
3374,325,266
3375,310,261
3376,310,261
3377,319,261
3378,312,260
3379,308,263
3380,298,254
3381,308,258
3382,306,259
3383,306,256
3384,306,254
3385,312,247
3386,307,243
3387,313,258
3388,312,260
3389,314,258
3390,310,242
3391,310,242
3392,312,242
3393,315,250
3394,308,253
3395,318,259
3396,318,255
3397,318,255
3398,323,252
3399,330,251
3400,326,243
3401,322,244
3402,312,235
3403,304,234
3404,296,234
3405,296,234
3406,300,225
3407,300,225
3408,292,236
3409,286,200
3410,285,194
3411,285,194
3412,285,194
3413,285,194
3414,285,194
3415,285,194
3416,285,194
3417,285,194
3418,285,194
3419,285,194
3420,285,194
3421,285,194
3422,285,194
3423,285,194
3424,285,194
3425,285,194
3426,285,194
3427,285,194
3428,285,194
3429,285,194
3430,285,194
3431,285,194
3432,285,194
3433,285,194
3434,285,194
3435,285,194
3436,285,194
3437,285,194
3438,285,194
3439,285,194
3440,285,194
3441,285,194
3442,285,194
3443,285,194
3444,285,194
3445,285,194
3446,285,194
3447,285,194
3448,285,194
3449,285,194
3450,285,194
3451,285,194
3452,285,194
3453,285,194
3454,285,194
3455,285,194
3456,285,194
3457,285,194
3458,285,194
3459,285,194
3460,285,194
3461,285,194
3462,285,194
3463,285,194
3464,285,194
3465,285,194
3466,285,194
3467,285,194
3468,285,194
3469,285,194
3470,285,194
3471,285,194
3472,285,194
3473,285,194
3474,285,194
3475,285,194
3476,285,194
3477,285,194
3478,285,194
3479,285,194
3480,285,194
3481,285,194
3482,285,194
3483,285,194
3484,285,194
3485,285,194
3486,285,194
3487,285,194
3488,285,194
3489,285,194
3490,285,194
3491,285,194
3492,285,194
3493,285,194
3494,285,194
3495,285,194
3496,285,194
3497,285,194
3498,285,194
3499,285,194
3500,285,194
3501,285,194
3502,285,194
3503,285,194
3504,285,194
3505,285,194
3506,285,194
3507,285,194
3508,285,194
3509,285,194
3510,285,194
3511,285,194
3512,285,194
3513,285,194
3514,285,194
3515,285,194
3516,285,194
3517,285,194
3518,285,194
3519,285,194
3520,285,194
3521,285,194
3522,285,194
3523,285,194
3524,285,194
3525,285,194
3526,285,194
3527,285,194
3528,285,194
3529,285,194
3530,285,194
3531,285,194
3532,285,194
3533,285,194
3534,285,194
3535,285,194
3536,285,194
3537,285,194
3538,285,194
3539,285,194
3540,285,194
3541,285,194
3542,285,194
3543,285,194
3544,285,194
3545,285,194
3546,285,194
3547,285,194
3548,285,194
3549,285,194
3550,285,194
3551,285,194
3552,285,194
3553,285,194
3554,285,194
3555,285,194
3556,285,194
3557,285,194
3558,285,194
3559,285,194
3560,285,194
3561,285,194
3562,285,194
3563,285,194
3564,285,194
3565,285,194
3566,285,194
3567,285,194
3568,285,194
3569,285,194
3570,285,194
3571,285,194
3572,285,194
3573,285,194
3574,285,194
3575,285,194
3576,285,194
3577,285,194
3578,285,194
3579,285,194
3580,285,194
3581,285,194
3582,285,194
3583,285,194
3584,285,194
3585,285,194
3586,285,194
3587,285,194
3588,285,194
3589,285,194
3590,285,194
3591,285,194
3592,285,194
3593,285,194
3594,285,194
3595,285,194
3596,285,194
3597,285,194
3598,285,194
3599,285,194
3600,285,194
3601,285,194
3602,285,194
3603,285,194
3604,285,194
3605,285,194
3606,285,194
3607,285,194
3608,285,194
3609,285,194
3610,285,194
3611,285,194
3612,285,194
3613,285,194
3614,285,194
3615,285,194
3616,285,194
3617,285,194
3618,285,194
3619,285,194
3620,285,194
3621,285,194
3622,285,194
3623,285,194
3624,285,194
3625,285,194
3626,285,194
3627,285,194
3628,285,194
3629,285,194
3630,285,194
3631,285,194
3632,285,194
3633,285,194
3634,285,194
3635,285,194
3636,285,194
3637,285,194
3638,285,194
3639,285,194
3640,285,194
3641,285,194
3642,285,194
3643,285,194
3644,285,194
3645,285,194
3646,285,194
3647,285,194
3648,285,194
3649,285,194
3650,285,194
3651,285,194
3652,285,194
3653,285,194
3654,285,194
3655,285,194
3656,285,194
3657,285,194
3658,285,194
3659,285,194
3660,285,194
3661,285,194
3662,285,194
3663,285,194
3664,285,194
3665,285,194
3666,285,194
3667,285,194
3668,285,194
3669,285,194
3670,285,194
3671,285,194
3672,285,194
3673,285,194
3674,285,194
3675,285,194
3676,285,194
3677,285,194
3678,285,194
3679,285,194
3680,285,194
3681,285,194
3682,285,194
3683,285,194
3684,285,194
3685,285,194
3686,285,194
3687,285,194
3688,285,194
3689,285,194
3690,285,194
3691,285,194
3692,285,194
3693,285,194
3694,285,194
3695,285,194
3696,285,194
3697,285,194
3698,285,194
3699,285,194
3700,285,194
3701,285,194
3702,285,194
3703,285,194
3704,285,194
3705,285,194
3706,285,194
3707,285,194
3708,285,194
3709,285,194
3710,285,194
3711,285,194
3712,285,194
3713,285,194
3714,285,194
3715,285,194
3716,285,194
3717,285,194
3718,285,194
3719,285,194
3720,285,194
3721,285,194
3722,285,194
3723,285,194
3724,285,194
3725,285,194
3726,285,194
3727,285,194
3728,285,194
3729,285,194
3730,285,194
3731,285,194
3732,285,194
3733,285,194
3734,285,194
3735,285,194
3736,285,194
3737,285,194
3738,285,194
3739,285,194
3740,285,194
3741,285,194
3742,285,194
3743,285,194
3744,285,194
3745,285,194
3746,285,194
3747,285,194
3748,285,194
3749,285,194
3750,285,194
3751,285,194
3752,285,194
3753,285,194
3754,285,194
3755,285,194
3756,285,194
3757,285,194
3758,285,194
3759,285,194
3760,285,194
3761,285,194
3762,285,194
3763,285,194
3764,285,194
3765,285,194
3766,285,194
3767,285,194
3768,285,194
3769,285,194
3770,285,194
3771,285,194
3772,285,194
3773,285,194
3774,285,194
3775,285,194
3776,285,194
3777,285,194
3778,285,194
3779,285,194
3780,285,194
3781,285,194
3782,285,194
3783,285,194
3784,285,194
3785,285,194
3786,285,194
3787,285,194
3788,285,194
3789,285,194
3790,285,194
3791,285,194
3792,285,194
3793,285,194
3794,285,194
3795,285,194
3796,285,194
3797,285,194
3798,285,194
3799,285,194
3800,285,194
3801,285,194
3802,285,194
3803,285,194
3804,285,194
3805,285,194
3806,285,194
3807,285,194
3808,285,194
3809,285,194
3810,285,194
3811,285,194
3812,285,194
3813,285,194
3814,285,194
3815,285,194
3816,285,194
3817,285,194
3818,285,194
3819,285,194
3820,285,194
3821,285,194
3822,285,194
3823,285,194
3824,285,194
3825,285,194
3826,285,194
3827,285,194
3828,285,194
3829,285,194
3830,285,194
3831,285,194
3832,285,194
3833,285,194
3834,285,194
3835,285,194
3836,285,194
3837,285,194
3838,285,194
3839,285,194
3840,285,194
3841,285,194
3842,285,194
3843,285,194
3844,285,194
3845,285,194
3846,285,194
3847,285,194
3848,285,194
3849,285,194
3850,285,194
3851,285,194
3852,285,194
3853,285,194
3854,285,194
3855,285,194
3856,285,194
3857,285,194
3858,285,194
3859,285,194
3860,285,194
3861,285,194
3862,285,194
3863,285,194
3864,285,194
3865,285,194
3866,285,194
3867,285,194
3868,285,194
3869,285,194
3870,285,194
3871,285,194
3872,285,194
3873,285,194
3874,285,194
3875,285,194
3876,285,194
3877,285,194
3878,285,194
3879,285,194
3880,285,194
3881,285,194
3882,285,194
3883,285,194
3884,285,194
3885,285,194
3886,285,194
3887,285,194
3888,285,194
3889,285,194
3890,285,194
3891,285,194
3892,285,194
3893,285,194
3894,285,194
3895,285,194
3896,285,194
3897,285,194
3898,285,194
3899,285,194
3900,285,194
3901,285,194
3902,285,194
3903,285,194
3904,285,194
3905,285,194
3906,285,194
3907,285,194
3908,285,194
3909,285,194
3910,285,194
3911,285,194
3912,285,194
3913,285,194
3914,285,194
3915,285,194
3916,285,194
3917,285,194
3918,285,194
3919,285,194
3920,285,194
3921,285,194
3922,285,194
3923,285,194
3924,285,194
3925,285,194
3926,285,194
3927,285,194
3928,285,194
3929,285,194
3930,285,194
3931,285,194
3932,285,194
3933,285,194
3934,285,194
3935,285,199
3936,285,199
3937,285,199
3938,632,14
3939,630,20
3940,631,38
3941,631,40
3942,632,46
3943,564,103
3944,522,127
3945,522,127
3946,466,143
3947,427,160
3948,379,169
3949,367,170
3950,361,170
3951,352,163
3952,345,153
3953,342,154
3954,340,140
3955,339,144
3956,341,132
3957,348,128
3958,348,125
3959,347,131
3960,335,125
3961,353,125
3962,353,125
3963,353,125
3964,343,135
3965,352,126
3966,336,129
3967,342,125
3968,341,126
3969,334,138
3970,330,138
3971,334,131
3972,330,141
3973,330,142
3974,328,145
3975,324,147
3976,323,151
3977,322,172
3978,323,175
3979,325,179
3980,329,179
3981,327,184
3982,329,186
3983,327,192
3984,326,190
3985,327,195
3986,325,194
3987,325,194
3988,325,194
3989,325,199
3990,326,195
3991,325,189
3992,327,188
3993,325,185
3994,327,181
3995,327,181
3996,327,181
3997,340,179
3998,341,182
3999,360,182
4000,363,182
4001,366,182
4002,352,183
4003,371,181
4004,358,181
4005,364,178
4006,368,178
4007,370,175
4008,381,172
4009,375,171
4010,395,169
4011,384,169
4012,388,170
4013,389,168
4014,409,166
4015,414,167
4016,414,167
4017,414,167
4018,414,167
4019,406,176
4020,406,174
4021,406,173
4022,403,169
4023,407,171
4024,407,170
4025,411,156
4026,405,163
4027,413,154
4028,414,153
4029,414,153
4030,415,152
4031,409,158
4032,413,163
4033,413,162
4034,413,162
4035,413,162
4036,413,162
4037,413,162
4038,413,162
4039,413,162
4040,413,162
4041,413,162
4042,413,162
4043,410,155
4044,412,153
4045,416,150
4046,426,142
4047,424,141
4048,433,135
4049,434,132
4050,440,132
4051,433,133
4052,446,125
4053,453,124
4054,445,126
4055,458,125
4056,428,124
4057,419,125
4058,395,129
4059,382,132
4060,332,145
4061,313,148
4062,213,175
4063,121,200
4064,121,200
4065,42,225
4066,42,225
4067,42,225
4068,42,225
4069,42,225
4070,42,225
4071,42,225
4072,42,225
4073,42,225
4074,42,225
4075,42,225
4076,42,225
4077,42,225
4078,42,225
4079,42,225
4080,42,225
4081,42,225
4082,42,225
4083,42,225
4084,42,225
4085,42,225
4086,42,225
4087,42,225
4088,42,225
4089,42,225
4090,42,225
4091,42,225
4092,42,225
4093,42,225
4094,42,225
4095,42,225
4096,42,225
4097,42,225
4098,42,225
4099,42,225
4100,42,225
4101,42,225
4102,42,225
4103,42,225
4104,42,225
4105,42,225
4106,42,225
4107,42,225
4108,42,225
4109,42,225
4110,42,225
4111,42,225
4112,42,225
4113,42,225
4114,42,225
4115,42,225
4116,159,387
4117,159,387
4118,312,401
4119,375,399
4120,572,365
4121,640,340
4122,689,284
4123,690,278
4124,697,268
4125,707,254
4126,711,245
4127,637,222
4128,612,213
4129,601,208
4130,651,196
4131,671,188
4132,684,178
4133,692,179
4134,688,179
4135,676,178
4136,674,178
4137,690,186
4138,706,196
4139,706,206
4140,695,205
4141,704,204
4142,720,203
4143,715,210
4144,704,200
4145,698,200
4146,707,204
4147,714,191
4148,703,194
4149,702,195
4150,711,192
4151,707,186
4152,707,186
4153,704,190
4154,703,195
4155,707,197
4156,718,191
4157,717,193
4158,716,193
4159,716,193
4160,717,191
4161,719,190
4162,726,196
4163,718,186
4164,718,188
4165,709,194
4166,703,203
4167,701,217
4168,705,231
4169,715,237
4170,729,229
4171,750,230
4172,757,220
4173,757,206
4174,751,193
4175,742,187
4176,745,193
4177,718,186
4178,719,196
4179,722,198
4180,731,201
4181,730,203
4182,721,211
4183,722,205
4184,728,201
4185,725,201
4186,725,199
4187,715,211
4188,718,210
4189,730,209
4190,724,216
4191,724,211
4192,719,207
4193,726,202
4194,734,202
4195,743,202
4196,748,200
4197,739,210
4198,742,203
4199,746,199
4200,736,209
4201,748,205
4202,743,213
4203,747,204
4204,730,205
4205,724,216
4206,722,225
4207,722,230
4208,722,230
4209,731,224
4210,719,228
4211,718,224
4212,718,209
4213,718,203
4214,710,188
4215,709,187
4216,716,178
4217,704,185
4218,720,176
4219,719,173
4220,710,179
4221,724,174
4222,711,178
4223,724,174
4224,719,175
4225,719,175
4226,719,175
4227,717,173
4228,717,169
4229,717,165
4230,725,170
4231,714,171
4232,721,171
4233,740,171
4234,724,167
4235,744,171
4236,735,163
4237,735,167
4238,736,194
4239,744,177
4240,751,179
4241,770,184
4242,768,189
4243,773,194
4244,772,200
4245,776,197
4246,775,197
4247,770,196
4248,770,198
4249,770,198
4250,771,198
4251,774,195
4252,779,196
4253,775,204
4254,773,192
4255,776,214
4256,782,207
4257,781,211
4258,774,213
4259,748,208
4260,763,206
4261,731,209
4262,689,217
4263,681,217
4264,680,218
4265,685,225
4266,685,223
4267,684,216
4268,683,210
4269,686,209
4270,688,207
4271,691,209
4272,696,195
4273,691,202
4274,685,203
4275,687,206
4276,695,203
4277,695,203
4278,688,213
4279,690,197
4280,688,206
4281,683,217
4282,691,219
4283,696,218
4284,721,222
4285,726,222
4286,735,222
4287,739,222
4288,735,219
4289,731,222
4290,722,224
4291,723,225
4292,723,225
4293,737,223
4294,725,248
4295,719,253
4296,720,259
4297,720,261
4298,720,261
4299,720,262
4300,720,262
4301,720,260
4302,721,252
4303,721,252
4304,721,252
4305,713,255
4306,713,265
4307,711,299
4308,711,314
4309,711,316
4310,711,300
4311,711,328
4312,706,323
4313,706,324
4314,708,332
4315,713,323
4316,726,322
4317,725,321
4318,747,319
4319,756,325
4320,761,305
4321,762,308
4322,762,288
4323,761,281
4324,761,256
4325,760,255
4326,760,255
4327,760,255
4328,760,255
4329,760,249
4330,762,265
4331,763,285
4332,753,298
4333,741,302
4334,732,306
4335,719,334
4336,710,343
4337,715,337
4338,705,340
4339,710,344
4340,707,342
4341,708,336
4342,710,332
4343,703,326
4344,715,333
4345,715,348
4346,715,349
4347,712,355
4348,712,355
4349,727,358
4350,716,367
4351,716,367
4352,706,360
4353,701,361
4354,703,363
4355,699,357
4356,690,367
4357,701,378
4358,701,382
4359,710,378
4360,715,378
4361,723,378
4362,718,367
4363,724,377
4364,719,376
4365,723,378
4366,730,376
4367,736,376
4368,730,365
4369,731,364
4370,735,365
4371,735,365
4372,733,357
4373,733,361
4374,733,353
4375,733,345
4376,733,338
4377,733,335
4378,733,333
4379,735,329
4380,735,331
4381,735,342
4382,736,350
4383,736,352
4384,736,362
4385,743,351
4386,754,341
4387,757,344
4388,753,343
4389,749,334
4390,749,347
4391,748,340
4392,742,316
4393,742,315
4394,747,344
4395,743,362
4396,741,366
4397,747,350
4398,748,373
4399,742,385
4400,743,384
4401,743,384
4402,761,374
4403,769,373
4404,767,372
4405,767,378
4406,772,359
4407,781,367
4408,777,366
4409,774,357
4410,772,358
4411,760,353
4412,755,353
4413,766,352
4414,766,352
4415,753,354
4416,753,354
4417,753,354
4418,763,344
4419,761,335
4420,760,334
4421,760,336
4422,752,314
4423,770,317
4424,771,310
4425,785,290
4426,787,273
4427,781,263
4428,778,261
4429,777,259
4430,779,255
4431,775,258
4432,769,244
4433,769,242
4434,769,239
4435,769,239
4436,765,243
4437,768,236
4438,766,237
4439,766,237
4440,776,242
4441,767,243
4442,778,249
4443,776,249
4444,783,249
4445,788,259
4446,790,249
4447,790,249
4448,790,249
4449,790,249
4450,790,249
4451,788,262
4452,795,256
4453,795,256
4454,786,264
4455,789,258
4456,789,258
4457,789,258
4458,789,258
4459,790,254
4460,804,251
4461,808,252
4462,807,258
4463,806,253
4464,807,261
4465,801,272
4466,810,264
4467,812,263
4468,815,264
4469,807,271
4470,804,274
4471,803,279
4472,814,274
4473,816,274
4474,809,284
4475,804,281
4476,796,281
4477,791,280
4478,798,287
4479,795,287
4480,787,277
4481,787,277
4482,787,277
4483,787,277
4484,786,277
4485,786,277
4486,784,277
4487,784,275
4488,783,274
4489,778,275
4490,787,266
4491,785,277
4492,778,270
4493,786,273
4494,786,278
4495,781,269
4496,780,262
4497,784,266
4498,780,263
4499,772,261
4500,768,258
4501,778,264
4502,758,255
4503,762,253
4504,767,244
4505,753,251
4506,747,251
4507,726,253
4508,720,254
4509,715,253
4510,710,255
4511,704,258
4512,699,247
4513,696,246
4514,701,255
4515,700,250
4516,699,255
4517,695,249
4518,700,251
4519,701,248
4520,701,248
4521,701,249
4522,697,255
4523,686,267
4524,695,261
4525,690,271
4526,690,271
4527,688,270
4528,682,267
4529,682,267
4530,686,274
4531,688,268
4532,680,257
4533,668,257
4534,672,258
4535,669,270
4536,667,263
4537,667,263
4538,671,256
4539,664,264
4540,658,266
4541,662,276
4542,666,278
4543,658,276
4544,664,277
4545,660,275
4546,661,279
4547,668,284
4548,679,284
4549,685,284
4550,682,285
4551,678,282
4552,673,295
4553,684,290
4554,677,295
4555,684,283
4556,689,283
4557,689,283
4558,688,280
4559,686,290
4560,686,290
4561,697,276
4562,700,273
4563,703,269
4564,696,274
4565,698,276
4566,700,272
4567,695,268
4568,700,270
4569,700,268
4570,705,262
4571,683,267
4572,689,269
4573,675,271
4574,683,275
4575,679,277
4576,723,259
4577,731,255
4578,743,252
4579,734,254
4580,730,267
4581,737,260
4582,752,258
4583,754,255
4584,761,259
4585,748,273
4586,748,291
4587,747,293
4588,748,296
4589,741,293
4590,745,297
4591,739,285
4592,738,284
4593,732,280
4594,732,279
4595,727,267
4596,728,270
4597,727,289
4598,735,282
4599,735,282
4600,727,272
4601,727,286
4602,727,278
4603,725,284
4604,726,264
4605,733,273
4606,729,262
4607,731,261
4608,733,268
4609,730,254
4610,731,257
4611,731,251
4612,732,262
4613,737,257
4614,737,257
4615,737,257
4616,728,263
4617,728,274
4618,728,273
4619,727,292
4620,728,285
4621,729,254
4622,736,265
4623,729,251
4624,721,253
4625,720,250
4626,734,256
4627,734,256
4628,742,255
4629,735,255
4630,743,255
4631,743,255
4632,748,269
4633,749,270
4634,749,279
4635,752,267
4636,746,285
4637,744,285
4638,726,287
4639,736,288
4640,730,291
4641,706,291
4642,727,290
4643,737,288
4644,747,287
4645,736,285
4646,750,286
4647,733,288
4648,728,303
4649,696,307
4650,687,318
4651,676,330
4652,670,329
4653,673,329
4654,669,332
4655,669,332
4656,658,333
4657,658,333
4658,666,323
4659,666,322
4660,670,326
4661,670,320
4662,674,320
4663,669,323
4664,672,321
4665,684,316
4666,675,318
4667,684,314
4668,684,315
4669,690,310
4670,696,304
4671,689,307
4672,695,310
4673,695,308
4674,696,307
4675,697,296
4676,701,291
4677,702,293
4678,704,285
4679,706,284
4680,733,273
4681,725,281
4682,720,283
4683,724,252
4684,709,255
4685,715,254
4686,701,259
4687,722,266
4688,720,266
4689,719,259
4690,718,260
4691,718,260
4692,702,250
4693,702,245
4694,695,242
4695,695,242
4696,695,242
4697,695,242
4698,695,242
4699,695,242
4700,695,242
4701,695,242
4702,695,242
4703,695,242
4704,695,242
4705,695,242
4706,695,242
4707,695,242
4708,695,242
4709,695,242
4710,695,242
4711,695,242
4712,695,242
4713,695,242
4714,695,242
4715,695,242
4716,695,242
4717,695,242
4718,695,242
4719,695,242
4720,695,242
4721,695,242
4722,695,242
4723,695,242
4724,695,242
4725,695,242
4726,695,242
4727,695,242
4728,695,242
4729,695,242
4730,695,242
4731,695,242
4732,695,242
4733,695,242
4734,695,242
4735,695,242
4736,695,242
4737,695,242
4738,695,242
4739,695,242
4740,695,242
4741,695,242
4742,695,242
4743,695,242
4744,695,242
4745,695,242
4746,695,242
4747,695,242
4748,695,242
4749,695,242
4750,695,242
4751,695,242
4752,695,242
4753,695,242
4754,695,242
4755,695,242
4756,695,242
4757,695,242
4758,695,242
4759,695,242
4760,695,242
4761,695,242
4762,695,242
4763,695,242
4764,695,242
4765,695,242
4766,695,242
4767,695,242
4768,695,242
4769,695,242
4770,695,242
4771,695,242
4772,695,242
4773,695,242
4774,695,242
4775,695,242
4776,695,242
4777,695,242
4778,695,242
4779,695,242
4780,695,242
4781,695,242
4782,922,51
4783,912,85
4784,906,97
4785,897,111
4786,886,108
4787,887,99
4788,883,114
4789,864,119
4790,850,120
4791,801,121
4792,727,115
4793,727,115
4794,626,99
4795,627,99
4796,581,107
4797,587,117
4798,624,136
4799,663,136
4800,676,135
4801,672,130
4802,662,139
4803,661,141
4804,652,137
4805,655,142
4806,672,143
4807,674,143
4808,667,149
4809,666,155
4810,666,141
4811,665,161
4812,666,161
4813,669,160
4814,668,150
4815,672,164
4816,669,154
4817,668,174
4818,669,175
4819,678,165
4820,666,166
4821,670,164
4822,682,157
4823,682,153
4824,682,153
4825,687,161
4826,689,158
4827,706,156
4828,702,153
4829,706,156
4830,707,158
4831,703,178
4832,693,186
4833,694,182
4834,689,182
4835,678,182
4836,678,182
4837,668,175
4838,674,179
4839,662,171
4840,661,169
4841,663,165
4842,652,159
4843,654,167
4844,657,150
4845,661,148
4846,667,136
4847,664,133
4848,672,147
4849,663,153
4850,664,136
4851,670,128
4852,667,121
4853,665,138
4854,660,150
4855,670,143
4856,683,135
4857,686,139
4858,681,132
4859,671,140
4860,667,157
4861,677,149
4862,674,141
4863,671,146
4864,672,142
4865,665,149
4866,656,146
4867,665,151
4868,654,142
4869,664,146
4870,664,146
4871,662,130
4872,671,139
4873,664,143
4874,658,133
4875,654,134
4876,668,134
4877,648,135
4878,657,143
4879,657,143
4880,666,133
4881,656,142
4882,666,132
4883,658,127
4884,656,144
4885,652,134
4886,672,137
4887,676,137
4888,669,132
4889,671,135
4890,671,135
4891,672,137
4892,678,142
4893,671,140
4894,663,148
4895,663,148
4896,666,154
4897,664,136
4898,672,141
4899,672,141
4900,662,146
4901,664,145
4902,664,145
4903,664,145
4904,664,145
4905,664,145
4906,662,139
4907,661,139
4908,660,158
4909,660,167
4910,663,184
4911,667,178
4912,682,186
4913,686,187
4914,686,187
4915,681,195
4916,685,186
4917,685,186
4918,680,190
4919,677,189
4920,670,197
4921,671,204
4922,677,190
4923,684,181
4924,687,189
4925,687,189
4926,685,180
4927,685,172
4928,698,182
4929,698,186
4930,692,181
4931,698,180
4932,699,184
4933,693,185
4934,671,191
4935,671,191
4936,667,191
4937,686,195
4938,692,189
4939,685,179
4940,685,184
4941,692,182
4942,692,182
4943,680,172
4944,678,171
4945,666,183
4946,666,183
4947,666,183
4948,666,183
4949,666,183
4950,666,183
4951,666,183
4952,666,183
4953,666,183
4954,666,183
4955,666,183
4956,666,183
4957,666,183
4958,666,183
4959,666,183
4960,666,183
4961,666,183
4962,666,183
4963,666,183
4964,666,183
4965,666,183
4966,666,183
4967,666,183
4968,666,183
4969,666,183
4970,666,183
4971,666,183
4972,666,183
4973,666,183
4974,666,183
4975,666,183
4976,666,183
4977,666,183
4978,666,183
4979,721,59
4980,722,51
4981,720,70
4982,717,91
4983,717,98
4984,717,91
4985,708,118
4986,707,117
4987,707,118
4988,698,130
4989,687,136
4990,683,140
4991,687,153
4992,689,157
4993,689,145
4994,685,160
4995,691,158
4996,684,158
4997,684,158
4998,684,158
4999,684,158
5000,684,158
5001,684,158
5002,684,158
5003,684,158
5004,684,158
5005,684,158
5006,684,158
5007,684,158
5008,684,158
5009,684,158
5010,684,158
5011,684,158
5012,684,158
5013,684,158
5014,684,158
5015,684,158
5016,684,158
5017,684,158
5018,684,158
5019,684,158
5020,684,158
5021,684,158
5022,684,158
5023,684,158
5024,684,158
5025,684,158
5026,684,158
5027,684,158
5028,684,158
5029,684,158
5030,684,158
5031,684,158
5032,684,158
5033,684,158
5034,684,158
5035,684,158
5036,684,158
5037,684,158
5038,684,158
5039,684,158
5040,684,158
5041,684,158
5042,684,158
5043,684,158
5044,684,158
5045,684,158
5046,684,158
5047,684,158
5048,684,158
5049,684,158
5050,684,158
5051,684,158
5052,684,158
5053,684,158
5054,684,158
5055,684,158
5056,684,158
5057,684,158
5058,684,158
5059,684,158
5060,684,158
5061,684,158
5062,684,158
5063,684,158
5064,684,158
5065,684,158
5066,684,158
5067,684,158
5068,684,158
5069,684,158
5070,696,22
5071,696,29
5072,697,49
5073,697,73
5074,699,97
5075,702,135
5076,702,127
5077,705,149
5078,707,167
5079,708,174
5080,703,189
5081,692,217
5082,692,227
5083,684,221
5084,691,233
5085,689,230
5086,688,234
5087,687,237
5088,687,241
5089,686,234
5090,689,234
5091,690,232
5092,689,229
5093,689,229
5094,689,229
5095,683,225
5096,685,227
5097,685,231
5098,684,235
5099,681,236
5100,680,236
5101,680,236
5102,680,236
5103,673,234
5104,673,234
5105,684,242
5106,684,242
5107,684,242
5108,673,233
5109,673,233
5110,682,242
5111,680,231
5112,679,235
5113,680,236
5114,685,235
5115,688,236
5116,690,237
5117,691,238
5118,692,235
5119,707,249
5120,704,258
5121,695,243
5122,696,244
5123,695,246
5124,697,246
5125,720,248
5126,713,234
5127,713,233
5128,713,233
5129,698,243
5130,698,243
5131,698,243
5132,698,243
5133,718,233
5134,718,232
5135,719,231
5136,721,230
5137,720,228
5138,723,229
5139,720,226
5140,720,226
5141,720,226
5142,720,226
5143,720,226
5144,720,226
5145,720,226
5146,720,226
5147,720,226
5148,724,229
5149,719,227
5150,726,230
5151,720,230
5152,718,230
5153,715,231
5154,696,241
5155,712,232
5156,692,243
5157,693,242
5158,692,242
5159,691,243
5160,689,243
5161,692,240
5162,692,233
5163,692,230
5164,691,236
5165,691,246
5166,697,244
5167,696,242
5168,696,239
5169,695,233
5170,694,227
5171,695,227
5172,694,224
5173,694,221
5174,694,220
5175,695,221
5176,711,223
5177,714,219
5178,714,219
5179,712,222
5180,712,221
5181,712,218
5182,712,217
5183,701,195
5184,701,193
5185,702,192
5186,703,189
5187,703,189
5188,703,189
5189,718,198
5190,718,198
5191,707,183
5192,690,195
5193,689,195
5194,688,194
5195,687,196
5196,686,197
5197,685,198
5198,702,184
5199,702,184
5200,684,199
5201,684,199
5202,702,184
5203,701,183
5204,700,183
5205,700,182
5206,700,179
5207,701,178
5208,700,172
5209,701,174
5210,701,167
5211,695,167
5212,690,166
5213,681,162
5214,675,159
5215,672,155
5216,642,147
5217,633,140
5218,616,136
5219,613,130
5220,597,119
5221,589,119
5222,582,106
5223,566,104
5224,576,104
5225,561,103
5226,550,99
5227,538,100
5228,532,115
5229,527,113
5230,525,118
5231,525,118
5232,527,120
5233,539,109
5234,540,106
5235,552,102
5236,567,99
5237,585,96
5238,612,95
5239,626,94
5240,642,94
5241,633,94
5242,646,95
5243,676,95
5244,681,95
5245,721,91
5246,723,91
5247,741,91
5248,749,90
5249,749,90
5250,754,91
5251,756,91
5252,756,91
5253,756,91
5254,756,91
5255,744,99
5256,744,99
5257,755,92
5258,749,91
5259,740,91
5260,711,91
5261,685,91
5262,678,91
5263,653,92
5264,600,95
5265,534,95
5266,483,92
5267,483,92
5268,406,61
5269,366,48
5270,323,36
5271,323,36
5272,272,30
5273,272,33
5274,267,29
5275,275,22
5276,275,37
5277,278,46
5278,281,49
5279,285,51
5280,286,63
5281,288,61
5282,294,71
5283,310,72
5284,311,78
5285,296,73
5286,296,73
5287,301,72
5288,317,75
5289,316,81
5290,323,88
5291,316,80
5292,326,76
5293,327,94
5294,327,97
5295,324,89
5296,325,92
5297,336,102
5298,334,100
5299,329,100
5300,328,102
5301,328,102
5302,320,98
5303,336,98
5304,335,97
5305,361,94
5306,363,92
5307,351,93
5308,353,93
5309,358,93
5310,361,93
5311,365,93
5312,373,88
5313,373,90
5314,373,85
5315,369,84
5316,384,83
5317,367,91
5318,365,91
5319,365,92
5320,364,94
5321,364,97
5322,357,99
5323,356,97
5324,357,94
5325,356,93
5326,353,93
5327,351,95
5328,351,95
5329,349,94
5330,349,94
5331,339,84
5332,349,94
5333,351,98
5334,354,93
5335,357,93
5336,354,99
5337,358,94
5338,365,93
5339,367,88
5340,367,91
5341,361,84
5342,369,85
5343,361,97
5344,361,97
5345,361,97
5346,361,97
5347,361,97
5348,352,87
5349,352,87
5350,352,87
5351,359,87
5352,357,85
5353,383,85
5354,383,85
5355,370,98
5356,370,98
5357,370,98
5358,371,93
5359,371,91
5360,370,85
5361,373,87
5362,379,75
5363,379,68
5364,379,68
5365,379,68
5366,375,69
5367,375,73
5368,377,76
5369,371,80
5370,379,79
5371,399,81
5372,400,81
5373,400,81
5374,402,80
5375,404,81
5376,404,81
5377,405,79
5378,388,80
5379,388,80
5380,389,80
5381,417,79
5382,419,80
5383,419,80
5384,403,80
5385,411,81
5386,412,79
5387,425,71
5388,430,70
5389,429,68
5390,422,66
5391,422,65
5392,446,65
5393,435,59
5394,442,56
5395,440,57
5396,440,57
5397,440,57
5398,440,57
5399,440,57
5400,428,64
5401,438,57
5402,437,63
5403,437,66
5404,450,76
5405,439,73
5406,443,73
5407,458,84
5408,460,87
5409,449,74
5410,462,86
5411,470,84
5412,463,90
5413,463,90
5414,465,88
5415,465,88
5416,449,86
5417,449,86
5418,471,91
5419,477,91
5420,469,97
5421,468,100
5422,468,101
5423,468,102
5424,468,102
5425,468,102
5426,468,102
5427,480,96
5428,480,96
5429,480,97
5430,480,97
5431,480,97
5432,480,97
5433,481,97
5434,476,100
5435,482,97
5436,482,97
5437,478,93
5438,485,93
5439,478,103
5440,478,100
